842000,849000,835000,2006,-5.9,841000
841000,880000,841000,3478,-9.9,867000
867000,867000,856000,1421,-11.2,856000
852000,856000,851000,1328,-10.1,856000
848000,870000,848000,638,-8,870000
861000,875000,859000,1914,-5.2,871000
871000,871000,856000,1449,-10.3,857000
852000,859000,842000,1177,-13.2,843000
841000,851000,840000,1814,-9.1,844000
840000,860000,836000,1477,-5,844000
844000,844000,825000,2006,-0.5,830000
827000,844000,827000,883,2.7,838000
833000,842000,830000,1758,5.8,837000
832000,844000,832000,534,-4.1,844000
843000,847000,821000,1943,-7,824000
827000,835000,820000,1668,-3,821000
821000,830000,810000,2866,-4.1,816000
818000,819000,807000,961,-0.2,808000
810000,822000,808000,1213,-0.4,818000
822000,828000,814000,1976,-2.1,828000
823000,841000,815000,2392,0.8,815000
817000,824000,815000,2226,-6.2,816000
816000,823000,811000,1481,-8,816000
816000,816000,808000,1711,-4.3,809000
804000,809000,794000,1837,-5.5,798000
810000,810000,790000,1125,4,793000
793000,806000,790000,1530,3.7,791000
791000,792000,777000,2112,3.9,783000
791000,814000,789000,1792,0.6,809000
802000,802000,789000,2107,-0.3,791000
788000,804000,788000,561,-4.5,794000
809000,809000,796000,946,-3.2,807000
811000,830000,807000,1493,-2.9,827000
829000,829000,810000,634,-1,821000
821000,836000,821000,1697,6.5,825000
825000,827000,817000,1332,8.2,823000
825000,825000,808000,1295,12.2,811000
812000,815000,802000,1182,12,802000
802000,817000,802000,2045,12,811000
811000,830000,810000,1997,2.7,829000
821000,833000,821000,1132,4.4,831000
833000,836000,823000,1817,5.5,830000
826000,841000,826000,2517,6.4,841000
831000,840000,830000,1109,4.1,838000
832000,849000,832000,2645,1.5,849000
849000,863000,849000,4208,-1.4,862000
862000,882000,862000,7093,2.3,878000
879000,886000,867000,2283,5.8,876000
881000,881000,860000,1404,7.9,861000
861000,863000,855000,1453,0.7,857000
870000,878000,870000,1999,-0.1,874000
874000,883000,870000,2828,0.5,883000
877000,880000,865000,4009,4.5,865000
865000,872000,839000,3007,2.1,843000
845000,858000,845000,698,5.9,858000
854000,868000,854000,716,8.7,863000
869000,869000,858000,717,5,859000
851000,859000,850000,1159,2,851000
845000,860000,845000,1057,5.8,857000
847000,860000,847000,1096,8.3,858000
858000,865000,847000,1118,7.3,865000
864000,868000,856000,607,7,861000
855000,857000,840000,1533,5.5,842000
839000,842000,835000,1108,10.4,837000
837000,845000,837000,832,8.5,844000
844000,857000,838000,2469,7.3,852000
852000,852000,841000,846,9.1,852000
845000,851000,839000,1021,11.4,851000
845000,856000,842000,1109,13.2,855000
846000,854000,845000,346,4.4,845000
842000,861000,842000,899,4,861000
853000,858000,849000,610,7,858000
848000,856000,835000,1726,8,850000
853000,854000,840000,789,14.7,841000
842000,856000,841000,1743,16.8,855000
847000,859000,847000,784,14.1,850000
843000,843000,833000,1788,10.7,833000
834000,837000,829000,883,9.3,829000
827000,845000,827000,1224,12.4,829000
827000,837000,826000,3757,7.5,829000
825000,830000,817000,1938,5,828000
823000,838000,820000,1426,8.5,836000
839000,863000,837000,3238,9.6,856000
854000,863000,847000,737,18.2,855000
855000,862000,845000,1649,20.2,857000
848000,849000,837000,1016,13.4,847000
845000,845000,823000,2255,14.6,828000
837000,842000,818000,1077,16.7,832000
827000,839000,821000,1236,19,826000
833000,840000,826000,1208,16.1,831000
827000,842000,825000,1489,16,842000
842000,842000,822000,1274,18,828000
825000,829000,805000,1518,20.3,829000
815000,839000,815000,1174,17.3,834000
824000,828000,810000,1966,17.1,823000
815000,831000,812000,1617,19.5,823000
815000,827000,804000,1862,13.1,808000
803000,808000,766000,3053,14.9,769000
762000,797000,762000,2282,17.4,785000
771000,790000,770000,1814,17.4,785000
786000,814000,782000,2054,17.3,787000
793000,807000,786000,2348,17.3,787000
787000,797000,786000,1500,19.1,789000
789000,794000,785000,3002,21,791000
793000,793000,773000,2969,21.1,781000
779000,781000,773000,1295,22.3,777000
783000,783000,773000,1772,25.7,782000
777000,782000,770000,2161,26,776000
779000,780000,768000,2476,26.5,768000
774000,778000,768000,1761,25.6,776000
777000,792000,777000,2622,22.8,786000
790000,791000,782000,1234,24.4,786000
789000,790000,782000,1167,22.3,790000
784000,792000,777000,1754,24,787000
787000,804000,787000,3677,25.9,800000
805000,810000,797000,1953,22.2,799000
798000,800000,793000,2111,21.6,800000
800000,806000,797000,2093,23,802000
805000,805000,799000,1146,24.4,803000
802000,808000,798000,1872,26.7,807000
809000,810000,802000,733,24.6,810000
810000,810000,800000,854,23.9,801000
791000,800000,790000,1407,22.8,793000
792000,795000,785000,2644,26.1,793000
793000,795000,789000,1711,24.9,791000
793000,796000,785000,1099,26.1,786000
783000,790000,777000,1982,26,785000
785000,785000,771000,1769,25.6,774000
777000,785000,777000,864,24.7,781000
778000,793000,778000,1455,24.9,793000
791000,793000,785000,1068,25.1,793000
796000,797000,784000,1285,26.1,793000
792000,801000,791000,2376,24.8,796000
794000,796000,787000,1855,26,796000
795000,800000,790000,1040,23.7,793000
786000,795000,785000,696,26.7,787000
785000,791000,780000,695,28.2,788000
794000,794000,783000,1190,27.8,784000
781000,789000,778000,874,27.1,787000
783000,788000,782000,598,24.4,785000
786000,788000,780000,836,25.4,780000
781000,784000,771000,2418,26.9,774000
774000,781000,772000,1846,27,781000
781000,791000,776000,1591,26.8,790000
793000,793000,782000,697,27,783000
792000,792000,782000,1360,27.3,789000
785000,795000,779000,1866,27.6,784000
782000,787000,780000,1126,28.1,785000
782000,787000,781000,1099,29.2,785000
782000,793000,781000,796,28.3,788000
788000,788000,782000,747,28.6,783000
782000,791000,782000,2835,26.5,787000
792000,792000,779000,936,28.2,779000
779000,783000,777000,1289,23.7,777000
777000,779000,774000,1301,26,774000
775000,783000,770000,950,24.8,773000
771000,779000,769000,385,26.3,777000
773000,777000,773000,573,26,775000
773000,783000,773000,881,28.5,783000
785000,785000,778000,592,28.6,778000
774000,783000,774000,632,26.4,777000
774000,777000,772000,688,23.7,772000
773000,778000,770000,430,21.6,771000
771000,774000,769000,561,24,769000
771000,772000,743000,2962,25.8,746000
750000,756000,748000,1503,25.8,749000
747000,754000,745000,686,24.9,745000
755000,764000,746000,1405,26,764000
760000,779000,760000,1949,24,778000
774000,782000,768000,906,25.4,779000
775000,777000,759000,1952,25.5,760000
756000,764000,754000,1172,26.3,755000
751000,764000,751000,944,22.7,759000
756000,760000,750000,1639,20.9,750000
751000,758000,747000,2524,24,748000
748000,753000,746000,2808,23.9,746000
747000,749000,742000,2612,24,743000
745000,758000,745000,3669,24.7,756000
756000,761000,752000,2966,24.5,759000
761000,771000,759000,4026,24.3,761000
770000,770000,760000,2278,21.7,761000
767000,767000,760000,2593,17.6,765000
765000,766000,757000,1734,19,758000
753000,761000,750000,1981,15.6,755000
754000,767000,752000,1722,13,766000
765000,772000,765000,1376,14.6,770000
766000,774000,766000,1592,16,771000
771000,778000,771000,2088,14,778000
778000,792000,774000,2638,15,792000
788000,795000,783000,1145,16.1,784000
790000,792000,778000,2477,17.3,784000
789000,791000,786000,1213,18.9,786000
791000,791000,779000,1009,18.3,782000
780000,783000,772000,1369,16.6,776000
776000,790000,772000,1505,15.7,788000
782000,816000,782000,5129,15.7,802000
815000,815000,795000,1103,13.1,799000
802000,808000,785000,1446,13.9,785000
785000,792000,774000,1495,15.9,774000
774000,783000,763000,1844,15.2,775000
771000,778000,763000,2695,15.8,765000
763000,776000,763000,867,16.9,767000
769000,792000,768000,1147,9.9,785000
785000,800000,777000,2130,4,792000
794000,800000,789000,1298,5.6,789000
786000,786000,776000,1169,7.2,778000
779000,782000,771000,1663,9.6,771000
772000,781000,761000,1708,11.4,767000
769000,769000,754000,1467,5,761000
761000,770000,760000,2074,7.2,762000
767000,775000,763000,723,10.6,774000
777000,784000,770000,2189,11.2,784000
782000,791000,775000,1077,7,790000
789000,802000,782000,2980,2.9,800000
800000,809000,798000,3167,4.1,809000
809000,812000,800000,3893,9.3,800000
813000,814000,784000,1408,8.9,793000
799000,804000,785000,747,1.4,786000
781000,794000,774000,1388,3.7,783000
786000,795000,776000,949,6.5,791000
790000,822000,782000,2935,6.5,821000
821000,828000,812000,1668,5.9,826000
820000,837000,820000,1750,6.2,821000
826000,826000,806000,957,5.9,813000
795000,810000,795000,2099,6.3,797000
798000,820000,794000,956,3.1,815000
815000,825000,799000,1214,0.4,805000
806000,822000,804000,2455,3.2,816000
813000,827000,807000,2206,7.3,827000
822000,831000,820000,1110,7.2,822000
812000,835000,812000,1535,9.5,829000
825000,841000,822000,1401,0,839000
832000,842000,828000,916,3,835000
835000,863000,827000,3555,-0.7,863000
851000,862000,850000,1429,0.4,862000
853000,863000,837000,4611,-1.8,849000
849000,860000,833000,5046,2.9,856000
862000,862000,853000,1076,3.7,858000
848000,861000,845000,1172,-4,852000
851000,863000,842000,1362,-10.5,863000
863000,919000,857000,4556,-7.7,904000
896000,922000,885000,3136,-2.1,915000
912000,920000,882000,2675,4.1,917000
923000,924000,907000,4313,4.9,917000
917000,945000,912000,4402,4,945000
951000,958000,937000,3509,-1.9,945000
948000,958000,945000,1135,-12.3,949000
948000,950000,939000,1303,-4.9,940000
940000,948000,939000,1750,-2.6,944000
927000,949000,927000,1216,-5.7,939000
938000,963000,929000,2873,-6.1,960000
952000,967000,925000,3107,-4.5,927000
917000,948000,916000,2216,-3.9,937000
937000,950000,929000,1806,-4,939000
922000,948000,921000,2402,-7.6,928000
922000,949000,916000,1869,-7,949000
937000,949000,927000,1347,-8.2,939000
926000,947000,926000,1997,-5.4,937000
925000,927000,918000,1827,-8.2,922000
910000,919000,900000,4788,-5.9,904000
900000,919000,886000,1892,-3.8,913000
897000,918000,897000,1141,-9.7,908000
896000,919000,896000,979,-6.7,900000
904000,925000,900000,1437,-6.6,908000
908000,913000,899000,1219,-8.2,908000
908000,910000,896000,1176,-6.8,907000
896000,907000,889000,1516,-8.8,895000
896000,925000,886000,1687,-8.4,922000
907000,930000,905000,1006,-8.5,922000
922000,926000,913000,1153,-8.9,918000
913000,919000,905000,1139,-7.9,910000
910000,910000,886000,2700,-6.2,886000
886000,951000,880000,4057,-0.2,892000
910000,926000,905000,2612,0.3,922000
914000,930000,914000,2609,2.9,924000
920000,926000,913000,790,-1.2,926000
924000,927000,911000,2318,-2.1,914000
915000,924000,911000,1366,-2.9,919000
910000,923000,905000,920,-3.4,905000
901000,907000,894000,1217,-1.8,902000
909000,924000,897000,2184,-0.6,924000
924000,925000,910000,1834,0.9,922000
938000,938000,920000,1328,1.6,929000
915000,922000,910000,840,6.2,920000
924000,924000,896000,1423,6.2,904000
904000,919000,895000,1283,5.6,916000
922000,923000,906000,1263,6.1,910000
903000,924000,900000,1712,2,920000
921000,926000,904000,2602,2.8,919000
907000,927000,905000,932,-2.1,911000
912000,916000,901000,2537,-2.1,904000
907000,920000,901000,1867,0.1,910000
903000,915000,892000,1044,1.6,900000
905000,916000,892000,1875,1.6,907000
910000,928000,903000,1390,0.2,924000
936000,947000,925000,3224,1.4,929000
937000,937000,915000,1500,4.6,925000
910000,937000,879000,2031,6.7,934000
908000,944000,903000,2362,1.5,905000
920000,944000,910000,2245,-0.4,944000
945000,958000,942000,3340,0.8,957000
944000,980000,944000,2689,5.7,971000
971000,1008000,971000,1539,8,995000
1006000,1027000,998000,3402,1.8,1023000
1023000,1033000,1016000,1949,2.2,1028000
1029000,1038000,1015000,1928,2.9,1037000
1026000,1070000,1023000,2399,2.2,1070000
1069000,1077000,1051000,1668,5.2,1056000
1056000,1065000,1030000,1436,4.8,1051000
1043000,1060000,1032000,2712,7.3,1044000
1045000,1076000,1044000,4401,9.2,1074000
1078000,1078000,1060000,2419,9.1,1071000
1057000,1090000,1057000,4335,10.1,1088000
1080000,1081000,1071000,4300,10.7,1079000
1076000,1088000,1070000,1652,10.6,1076000
1087000,1087000,1044000,2697,9.6,1057000
1041000,1063000,1035000,1941,11.4,1052000
1043000,1052000,1039000,1360,10.4,1041000
1031000,1034000,1015000,2043,10.2,1015000
1010000,1033000,1003000,1420,11.3,1025000
1020000,1036000,1008000,2988,12.4,1036000
1026000,1060000,1026000,1372,12.2,1055000
1080000,1080000,1050000,1463,6.7,1055000
1054000,1059000,1026000,2133,10.8,1049000
1045000,1067000,1036000,3053,11.2,1047000
1046000,1068000,1046000,1789,13.5,1060000
1060000,1109000,1045000,3213,8.9,1095000
1094000,1143000,1083000,2545,11.3,1123000
1131000,1131000,1112000,2435,10.5,1119000
1120000,1150000,1119000,3273,11.4,1140000
1142000,1150000,1127000,2634,10.4,1140000
1130000,1154000,1121000,2357,13.2,1148000
1142000,1155000,1142000,3340,14.2,1150000
1142000,1176000,1140000,1957,15.3,1142000
1136000,1152000,1135000,1668,15.9,1143000
1125000,1140000,1108000,2229,15.4,1112000
1091000,1110000,1030000,3012,17.6,1071000
1056000,1079000,1052000,3461,17.2,1054000
1055000,1074000,1034000,3282,15.7,1055000
1055000,1073000,1040000,2612,14.6,1064000
1054000,1125000,1052000,2313,16.4,1080000
1080000,1100000,1077000,1339,17.5,1079000
1081000,1095000,1070000,2842,20.5,1092000
1084000,1109000,1078000,2380,20.7,1092000
1092000,1104000,1073000,2065,17.5,1100000
1106000,1106000,1060000,2776,19.5,1078000
1078000,1098000,1047000,3544,21.5,1060000
1071000,1076000,1048000,4213,22.7,1060000
1075000,1170000,1068000,3875,20.7,1108000
1100000,1141000,1078000,4013,20.1,1128000
1134000,1134000,1114000,1440,22.7,1127000
1127000,1166000,1127000,6071,18.7,1158000
1149000,1164000,1135000,2387,18,1160000
1150000,1153000,1120000,3053,19,1120000
1119000,1165000,1119000,4431,19,1163000
1149000,1170000,1141000,6529,20.9,1165000
1168000,1200000,1168000,3620,22,1190000
1190000,1190000,1168000,6616,19.4,1180000
1188000,1229000,1188000,4624,21.4,1220000
1224000,1241000,1194000,4001,21,1202000
1208000,1225000,1182000,4568,22.8,1210000
1209000,1254000,1197000,2872,25.2,1247000
1265000,1269000,1233000,2295,26.5,1259000
1248000,1309000,1248000,3627,24.9,1302000
1304000,1320000,1295000,2941,26.6,1302000
1313000,1319000,1293000,1674,24.1,1298000
1311000,1320000,1291000,1989,22.7,1307000
1312000,1312000,1265000,1894,22,1269000
1264000,1315000,1167000,2176,19.7,1303000
1303000,1303000,1268000,1216,19.2,1280000
1310000,1318000,1280000,1457,24.1,1280000
1290000,1314000,1290000,1646,21,1298000
1278000,1338000,1278000,3269,23.8,1320000
1327000,1357000,1322000,1034,25.1,1337000
1359000,1394000,1333000,2058,22.5,1375000
1390000,1397000,1362000,1712,24.3,1364000
1367000,1378000,1355000,1442,25.6,1365000
1366000,1378000,1341000,2762,22.9,1345000
1339000,1363000,1322000,1986,22.4,1339000
1339000,1370000,1325000,2899,21.2,1360000
1345000,1370000,1339000,1661,22.8,1369000
1357000,1369000,1341000,1814,24.3,1348000
1364000,1364000,1303000,2239,23.6,1340000
1340000,1369000,1329000,1719,23.4,1364000
1364000,1373000,1308000,1923,28.7,1331000
1339000,1428000,1327000,3281,28.5,1381000
1383000,1470000,1383000,3580,27.6,1460000
1490000,1516000,1430000,2420,27.1,1458000
1447000,1480000,1434000,2196,24.1,1460000
1470000,1470000,1413000,2255,24.9,1458000
1448000,1464000,1436000,3157,24.8,1458000
1458000,1465000,1440000,2842,24,1458000
1431000,1471000,1430000,3014,24.7,1460000
1468000,1470000,1445000,1984,26.2,1449000
1449000,1479000,1448000,1903,25.6,1450000
1450000,1458000,1432000,2422,26.1,1452000
1431000,1445000,1391000,2212,25.4,1415000
1416000,1416000,1370000,2156,25.4,1378000
1379000,1390000,1294000,4298,28.9,1370000
1370000,1370000,1322000,3945,24.7,1350000
1348000,1348000,1181000,5251,26,1303000
1343000,1375000,1256000,5230,25.8,1275000
1249000,1297000,1226000,3165,26.6,1248000
1265000,1329000,1255000,2848,25.3,1300000
1306000,1374000,1301000,2126,25,1320000
1310000,1325000,1298000,1623,23.7,1298000
1286000,1338000,1273000,3942,25.2,1321000
1315000,1318000,1272000,1895,24.4,1310000
1320000,1330000,1236000,2176,23.5,1258000
1228000,1247000,1170000,4129,24.3,1215000
1197000,1197000,1144000,7328,24.8,1162000
1160000,1197000,1160000,3040,25.7,1184000
1168000,1210000,1168000,1746,26.4,1168000
1171000,1175000,1140000,2454,26.8,1156000
1158000,1247000,1157000,3022,27.1,1235000
1235000,1274000,1235000,2351,27.9,1270000
1250000,1270000,1241000,2960,27,1246000
1209000,1246000,1204000,2649,26.9,1220000
1201000,1239000,1165000,3591,23.8,1196000
1193000,1200000,1168000,3592,23.4,1184000
1197000,1361000,1197000,2923,22.6,1259000
1270000,1302000,1244000,3100,22.3,1297000
1295000,1305000,1258000,1535,19.9,1278000
1278000,1296000,1246000,1907,24.4,1286000
1315000,1320000,1151000,1804,25.7,1292000
1290000,1339000,1290000,3777,25.6,1330000
1312000,1312000,1286000,1852,16.8,1297000
1300000,1300000,1250000,2729,17.7,1261000
1246000,1254000,1218000,3855,18.1,1220000
1217000,1217000,1151000,4129,18.1,1180000
1140000,1148000,1105000,4385,19.5,1110000
1128000,1149000,1107000,3020,21.2,1146000
1146000,1180000,1124000,2525,21.8,1180000
1179000,1186000,1142000,1827,19.8,1152000
1167000,1167000,1127000,1687,16.9,1158000
1194000,1194000,1145000,1882,14.8,1188000
1179000,1195000,1124000,2108,14.9,1188000
1199000,1329000,1183000,5321,16.4,1250000
1289000,1320000,1212000,3411,16.5,1271000
1277000,1318000,1253000,2795,15.4,1253000
1238000,1272000,1226000,920,16.9,1226000
1227000,1295000,1204000,1787,16.5,1277000
1297000,1299000,1222000,1486,14.7,1222000
1230000,1305000,1225000,2804,16.6,1266000
1262000,1302000,1262000,1159,14.4,1276000
1294000,1312000,1277000,1940,11.2,1302000
1320000,1320000,1286000,1662,9.4,1295000
1290000,1314000,1270000,1130,12.8,1300000
1300000,1318000,1290000,2196,15.5,1305000
1295000,1310000,1275000,1482,17.3,1298000
1295000,1329000,1295000,2153,12.3,1310000
1300000,1308000,1280000,1077,7.6,1280000
1303000,1339000,1283000,1618,9.5,1331000
1331000,1350000,1326000,1663,12.7,1349000
1341000,1369000,1305000,2727,14.5,1307000
1302000,1326000,1250000,2431,15,1250000
1267000,1309000,1265000,1746,16.1,1280000
1303000,1335000,1300000,3659,16.2,1331000
1317000,1321000,1304000,2618,16.8,1305000
1297000,1328000,1297000,1553,18.4,1305000
1306000,1310000,1275000,1238,15.1,1305000
1327000,1328000,1299000,1242,14.9,1305000
1305000,1324000,1299000,1376,14.5,1300000
1300000,1328000,1298000,3362,14.1,1305000
1302000,1323000,1270000,2139,12.5,1321000
1307000,1334000,1307000,1328,6.4,1312000
1320000,1322000,1305000,2313,7.2,1322000
1325000,1338000,1299000,2127,10.9,1320000
1308000,1311000,1284000,1674,13.6,1311000
1292000,1323000,1281000,1821,14.2,1317000
1321000,1324000,1283000,1056,1.6,1317000
1296000,1317000,1296000,1487,5.6,1306000
1308000,1320000,1290000,1108,2.8,1320000
1329000,1336000,1308000,1247,-1.6,1314000
1320000,1332000,1302000,1677,2.8,1332000
1345000,1389000,1335000,1980,14.6,1350000
1350000,1390000,1327000,2883,11.3,1385000
1379000,1399000,1362000,2437,4.7,1381000
1386000,1400000,1318000,5537,5.8,1350000
1366000,1378000,1341000,2748,5.5,1350000
1350000,1350000,1336000,1384,1.5,1345000
1333000,1355000,1302000,1911,3.9,1334000
1340000,1363000,1333000,2513,4,1353000
1353000,1376000,1343000,2176,0.1,1372000
1370000,1370000,1350000,1085,-2.7,1357000
1379000,1379000,1360000,1153,3.5,1367000
1367000,1379000,1339000,1560,1.5,1367000
1378000,1385000,1356000,1157,2.4,1384000
1384000,1403000,1369000,1976,-3.9,1377000
1377000,1395000,1373000,859,-7.1,1380000
1381000,1381000,1331000,1381,-2.4,1358000
1358000,1393000,1358000,673,-0.3,1380000
1400000,1403000,1389000,809,1.9,1390000
1399000,1410000,1380000,481,-5.5,1400000
1400000,1429000,1400000,1689,-5.4,1418000
1404000,1440000,1386000,822,-7.1,1437000
1439000,1456000,1390000,1932,-4,1440000
1421000,1440000,1403000,1374,-0.5,1426000
1426000,1481000,1415000,1233,-1.7,1465000
1465000,1465000,1420000,614,-4.8,1430000
1420000,1469000,1420000,1941,-4.5,1450000
1465000,1481000,1440000,1499,-7.4,1441000
1437000,1456000,1433000,700,-5.7,1444000
1448000,1448000,1411000,601,-2.8,1422000
1406000,1406000,1381000,1123,-0.3,1382000
1406000,1415000,1383000,2487,-2.5,1390000
1385000,1385000,1335000,2831,-6,1340000
1340000,1352000,1310000,1078,-4.6,1325000
1315000,1344000,1315000,1933,-1.2,1327000
1330000,1335000,1286000,1513,1,1290000
1298000,1318000,1297000,2330,2.8,1308000
1299000,1304000,1283000,2334,1.4,1292000
1294000,1328000,1279000,2779,5.3,1280000
1277000,1290000,1271000,3561,5.4,1280000
1280000,1310000,1276000,2952,-8.2,1286000
1292000,1306000,1280000,1611,-2.9,1287000
1287000,1287000,1277000,1967,-0.9,1280000
1273000,1293000,1271000,1866,-5.6,1276000
1280000,1293000,1274000,3244,-4.7,1275000
1274000,1280000,1262000,1763,-12.8,1264000
1275000,1275000,1256000,2117,-13.7,1267000
1257000,1265000,1232000,2906,-8.6,1244000
1246000,1274000,1232000,2283,0.9,1274000
1279000,1284000,1267000,2118,-8.7,1275000
1268000,1278000,1261000,1288,-8,1272000
1279000,1295000,1265000,3214,-4.5,1275000
1261000,1271000,1251000,1463,-3.5,1258000
1251000,1266000,1240000,1611,3.1,1240000
1239000,1239000,1218000,2219,3,1223000
1212000,1227000,1200000,3115,-1.3,1221000
1209000,1247000,1209000,1883,-2.8,1247000
1240000,1250000,1235000,2309,-6.4,1242000
1242000,1259000,1232000,1368,-0.2,1245000
1246000,1253000,1226000,2229,2.3,1238000
1248000,1248000,1229000,1262,5.8,1240000
1244000,1244000,1219000,3469,4.4,1224000
1236000,1246000,1227000,2845,4.3,1236000
1244000,1276000,1223000,3997,-0.7,1275000
1274000,1274000,1244000,2262,2.1,1247000
1237000,1263000,1237000,1760,5.4,1256000
1264000,1268000,1242000,1917,6.9,1257000
1244000,1256000,1236000,1631,5.3,1239000
1250000,1270000,1230000,3457,3,1262000
1256000,1269000,1227000,3183,3,1246000
1238000,1238000,1192000,6280,2,1203000
1206000,1225000,1198000,2202,3.4,1215000
1315000,1315000,1211000,2933,-1.6,1236000
1231000,1247000,1210000,3611,1.7,1218000
1218000,1222000,1197000,4674,3.6,1202000
1203000,1220000,1201000,2064,5.5,1211000
1209000,1230000,1205000,1973,8.1,1222000
1220000,1247000,1220000,2407,2.8,1240000
1228000,1237000,1227000,1765,3.1,1237000
1237000,1238000,1226000,864,4.3,1234000
1237000,1238000,1224000,884,7.8,1232000
1233000,1233000,1215000,1130,5,1220000
1224000,1234000,1217000,1167,3.9,1221000
1226000,1241000,1220000,2191,6.4,1231000
1228000,1240000,1220000,1665,10.1,1238000
1232000,1241000,1216000,895,11.6,1226000
1217000,1233000,1216000,916,9,1216000
1218000,1243000,1218000,1164,8.3,1234000
1227000,1244000,1227000,975,4.9,1230000
1238000,1252000,1235000,2058,7.2,1250000
1246000,1259000,1236000,1824,6.7,1249000
1236000,1250000,1233000,1756,5.4,1246000
1254000,1254000,1225000,1127,15.4,1230000
1219000,1266000,1219000,3048,13.7,1257000
1264000,1270000,1246000,1847,12.2,1260000
1260000,1286000,1247000,3051,8.9,1273000
1273000,1273000,1251000,1362,10.3,1255000
1251000,1280000,1248000,1906,13.6,1275000
1261000,1293000,1260000,1287,15.2,1266000
1259000,1273000,1253000,869,17,1255000
1258000,1281000,1256000,1057,18.4,1267000
1251000,1275000,1251000,1146,12.9,1275000
1257000,1282000,1256000,1871,19.7,1270000
1275000,1275000,1263000,744,15.1,1264000
1255000,1282000,1255000,1542,11.9,1275000
1279000,1281000,1258000,1521,15.2,1275000
1280000,1286000,1267000,1130,22.6,1278000
1268000,1280000,1256000,2710,23.1,1256000
1266000,1275000,1252000,922,20,1266000
1276000,1279000,1268000,1335,19.7,1268000
1269000,1277000,1254000,1720,18.5,1258000
1255000,1273000,1255000,939,20.8,1271000
1272000,1298000,1267000,1649,20.7,1298000
1307000,1333000,1293000,1919,20.1,1329000
1340000,1393000,1299000,2641,16.2,1354000
1366000,1366000,1313000,1313,16.1,1319000
1323000,1345000,1304000,1876,16.9,1335000
1335000,1340000,1306000,2002,16.6,1337000
1318000,1339000,1294000,2917,16.6,1325000
1316000,1316000,1266000,2754,18.1,1285000
1298000,1313000,1279000,956,23,1303000
1305000,1344000,1291000,1754,23.3,1305000
1296000,1330000,1287000,1862,22.1,1330000
1335000,1340000,1313000,896,19.7,1330000
1332000,1383000,1324000,1583,20.5,1380000
1389000,1395000,1363000,973,21.6,1369000
1369000,1369000,1330000,2250,20.7,1345000
1340000,1354000,1320000,1987,20.9,1353000
1336000,1376000,1320000,3012,21.4,1366000
1350000,1380000,1348000,1963,23.7,1378000
1378000,1395000,1363000,1682,22.5,1370000
1365000,1415000,1365000,1980,23,1389000
1380000,1396000,1368000,1100,22.2,1378000
1370000,1405000,1368000,1198,23.2,1378000
1365000,1384000,1355000,765,22.6,1360000
1361000,1361000,1339000,1065,23.4,1348000
1349000,1357000,1321000,2900,24.8,1354000
1360000,1397000,1347000,2145,23.7,1369000
1373000,1415000,1373000,1675,24.9,1405000
1392000,1409000,1392000,1468,26,1404000
1398000,1455000,1397000,2150,25.4,1450000
1438000,1462000,1430000,1844,25.7,1449000
1469000,1469000,1420000,887,24.3,1425000
1413000,1428000,1393000,1603,26.5,1402000
1400000,1437000,1400000,1174,24.6,1426000
1415000,1440000,1390000,1817,24.8,1402000
1395000,1422000,1393000,1187,25.3,1403000
1391000,1470000,1391000,3406,25.9,1467000
1441000,1447000,1410000,1406,24,1420000
1412000,1425000,1378000,2339,22.7,1380000
1375000,1397000,1351000,1554,24.4,1363000
1361000,1371000,1353000,1538,22.7,1362000
1364000,1376000,1355000,2133,20.9,1370000
1379000,1379000,1345000,1530,26.3,1370000
1368000,1382000,1365000,962,25.9,1380000
1384000,1409000,1371000,1635,23.3,1399000
1400000,1400000,1333000,3045,24.7,1340000
1338000,1372000,1326000,2125,26.1,1362000
1350000,1357000,1325000,2378,21.7,1348000
1358000,1358000,1313000,2418,25.5,1338000
1330000,1350000,1315000,1307,26.3,1316000
1325000,1367000,1322000,1666,23.9,1361000
1346000,1358000,1323000,1956,25.6,1323000
1323000,1326000,1300000,1102,27.6,1307000
1307000,1315000,1287000,1100,27.8,1300000
1287000,1302000,1262000,1424,27.9,1292000
1281000,1310000,1281000,1025,28.1,1286000
1310000,1328000,1292000,1610,27.9,1328000
1336000,1336000,1292000,1268,28.4,1300000
1301000,1307000,1285000,2438,29,1307000
1293000,1322000,1293000,1482,30.8,1315000
1315000,1323000,1300000,738,30.8,1301000
1305000,1308000,1280000,1478,31.3,1301000
1305000,1320000,1301000,863,31.5,1305000
1300000,1305000,1296000,850,30.7,1300000
1291000,1332000,1291000,2157,29.6,1332000
1330000,1394000,1302000,4510,29.7,1373000
1361000,1372000,1343000,4050,27.4,1369000
1355000,1385000,1350000,1366,26.6,1369000
1389000,1394000,1351000,2067,26.7,1367000
1368000,1385000,1360000,813,26,1368000
1367000,1380000,1361000,999,27.5,1367000
1380000,1410000,1362000,1385,25.4,1407000
1416000,1428000,1390000,661,25.3,1399000
1399000,1415000,1385000,1048,22,1415000
1430000,1430000,1377000,1000,23,1408000
1393000,1419000,1386000,732,23.3,1408000
1418000,1445000,1412000,1311,28.5,1444000
1410000,1463000,1410000,1467,26.1,1454000
1454000,1465000,1441000,866,25.7,1460000
1426000,1439000,1394000,2056,21.4,1419000
1418000,1431000,1395000,1783,23.8,1398000
1386000,1417000,1381000,1434,24.9,1400000
1400000,1423000,1400000,1096,22,1420000
1400000,1426000,1391000,1953,22.3,1410000
1400000,1410000,1391000,1759,21.6,1409000
1402000,1424000,1399000,1129,22.5,1420000
1411000,1422000,1410000,603,23.2,1415000
1406000,1412000,1372000,2297,22.8,1392000
1385000,1400000,1378000,2228,21.6,1378000
1377000,1377000,1339000,4405,20,1341000
1354000,1365000,1318000,6643,19.4,1338000
1326000,1338000,1320000,2588,17.3,1328000
1328000,1344000,1325000,2430,20.9,1343000
1352000,1352000,1332000,3725,20.6,1344000
1336000,1349000,1335000,1910,20.1,1344000
1344000,1376000,1344000,5817,20.1,1370000
1367000,1393000,1357000,3185,21.5,1380000
1379000,1384000,1369000,2074,21.8,1379000
1361000,1376000,1344000,977,21.3,1344000
1335000,1389000,1335000,2252,20.3,1381000
1400000,1400000,1366000,2961,18,1379000
1420000,1420000,1392000,2083,19.3,1409000
1381000,1411000,1376000,1251,19,1394000
1381000,1421000,1381000,1635,19,1397000
1393000,1419000,1390000,1818,18.4,1418000
1429000,1450000,1395000,2194,17.6,1418000
1400000,1425000,1394000,759,15.7,1400000
1400000,1400000,1361000,1442,13.9,1362000
1362000,1407000,1362000,2516,14.9,1385000
1388000,1414000,1377000,2291,14.8,1400000
1416000,1416000,1374000,1534,17.1,1374000
1376000,1395000,1374000,853,12.6,1375000
1376000,1394000,1370000,1345,11.6,1370000
1367000,1371000,1328000,2399,14.8,1337000
1325000,1358000,1322000,1511,13.4,1344000
1344000,1376000,1344000,957,10,1355000
1378000,1450000,1372000,3014,13.2,1440000
1412000,1453000,1406000,1720,15.2,1430000
1431000,1453000,1419000,1076,15.9,1429000
1429000,1465000,1423000,1274,11.7,1434000
1434000,1446000,1383000,1455,8.6,1396000
1404000,1454000,1404000,1215,6.9,1425000
1406000,1500000,1402000,2983,5.6,1490000
1509000,1520000,1466000,1448,7.2,1489000
1500000,1510000,1475000,1379,8.5,1500000
1487000,1510000,1468000,1050,7.1,1491000
1480000,1491000,1431000,2949,8.4,1448000
1445000,1455000,1411000,2409,8.8,1447000
1424000,1431000,1410000,2578,9.4,1426000
1430000,1464000,1413000,1303,7.3,1464000
1474000,1474000,1440000,674,5.3,1444000
1459000,1460000,1427000,1099,2.4,1443000
1445000,1464000,1420000,1772,4.2,1447000
1436000,1469000,1406000,1526,4.9,1446000
1467000,1478000,1426000,1605,3.4,1478000
1460000,1470000,1443000,1408,1.9,1446000
1453000,1464000,1433000,946,4.1,1453000
1470000,1483000,1438000,607,6.7,1439000
1434000,1470000,1430000,664,3.3,1430000
1432000,1460000,1432000,807,2.3,1451000
1470000,1474000,1432000,1092,2.1,1449000
1459000,1459000,1435000,552,5,1443000
1479000,1479000,1419000,2036,0.8,1442000
1431000,1448000,1411000,2737,1.7,1420000
1416000,1429000,1397000,2013,1.7,1419000
1401000,1435000,1401000,919,-3.3,1419000
1412000,1433000,1412000,705,-3.8,1419000
1410000,1416000,1399000,1637,-6.3,1399000
1404000,1416000,1392000,688,-4.5,1405000
1390000,1404000,1390000,985,-8.3,1393000
1385000,1393000,1385000,863,-6.5,1386000
1386000,1401000,1374000,1228,-5,1382000
1367000,1422000,1365000,3351,-1.5,1422000
1417000,1417000,1382000,1098,2.7,1386000
1394000,1430000,1392000,1589,-0.4,1410000
1419000,1441000,1399000,1254,-6.8,1408000
1402000,1440000,1397000,1428,-6.9,1440000
1449000,1459000,1412000,1847,-3.4,1436000
1456000,1468000,1441000,851,-0.7,1456000
1482000,1505000,1458000,1282,-8.8,1479000
1461000,1512000,1454000,867,-5.7,1477000
1482000,1625000,1470000,1394,-0.9,1515000
1514000,1538000,1495000,1015,-11.7,1511000
1516000,1539000,1500000,1365,-13.2,1512000
1512000,1550000,1506000,1205,-10.7,1532000
1548000,1550000,1501000,972,-5.1,1525000
1515000,1540000,1507000,719,-4.6,1508000
1509000,1536000,1492000,688,-9,1500000
1491000,1499000,1476000,1007,-8.3,1482000
1482000,1520000,1462000,1408,-3.2,1513000
1497000,1586000,1497000,822,-2.1,1556000
1541000,1556000,1509000,1300,-2.1,1546000
1546000,1556000,1500000,883,-2.6,1500000
1505000,1525000,1485000,871,-5.8,1485000
1494000,1519000,1487000,719,-4.4,1496000
1500000,1524000,1482000,674,2.2,1484000
1498000,1498000,1479000,1276,3.8,1482000
1482000,1482000,1450000,2214,1.8,1450000
1445000,1476000,1440000,1178,-0.9,1445000
1441000,1444000,1403000,2111,-9.1,1444000
1460000,1478000,1424000,852,-3.5,1460000
1443000,1469000,1443000,493,2.2,1447000
1435000,1495000,1432000,973,5.4,1478000
1471000,1480000,1450000,910,7.4,1456000
1468000,1487000,1445000,969,7.3,1483000
1468000,1508000,1459000,1019,-0.8,1481000
1475000,1502000,1472000,1025,-0.6,1502000
1493000,1501000,1460000,1390,-1.5,1460000
1456000,1467000,1428000,1418,-11.1,1430000
1430000,1434000,1420000,763,-11.5,1423000
1424000,1428000,1407000,687,-3.8,1413000
1413000,1435000,1410000,761,-1.3,1426000
1427000,1434000,1418000,1330,1.1,1420000
1420000,1436000,1418000,723,-1.2,1423000
1425000,1432000,1416000,881,0.5,1424000
1432000,1448000,1419000,1206,-2.9,1448000
1433000,1461000,1432000,1079,-4.8,1459000
1448000,1460000,1424000,810,-1.7,1441000
1441000,1468000,1437000,1446,0.5,1460000
1453000,1468000,1440000,620,3.3,1455000
1440000,1458000,1431000,1182,4.8,1458000
1458000,1459000,1441000,1044,3.4,1450000
1457000,1457000,1444000,1800,6.7,1444000
1442000,1451000,1421000,1469,3.1,1424000
1422000,1432000,1413000,1787,3.7,1424000
1435000,1435000,1409000,1141,7.9,1409000
1414000,1433000,1408000,1059,8,1410000
1404000,1428000,1400000,1017,8.5,1422000
1427000,1445000,1414000,2131,4.2,1445000
1456000,1456000,1407000,1010,7.5,1443000
1431000,1447000,1430000,1164,5.2,1447000
1447000,1447000,1419000,1614,4.1,1435000
1436000,1442000,1404000,3119,4.6,1417000
1417000,1441000,1406000,1078,8.3,1439000
1447000,1447000,1427000,741,8,1441000
1428000,1432000,1416000,894,2.8,1421000
1422000,1436000,1416000,1155,1.5,1436000
1425000,1436000,1417000,1117,3.4,1436000
1440000,1443000,1424000,1620,2.8,1440000
1440000,1450000,1430000,779,4.4,1450000
1438000,1513000,1436000,1916,7.5,1504000
1497000,1504000,1485000,1424,7.3,1495000
1485000,1520000,1485000,1463,5.4,1487000
1488000,1504000,1482000,1166,9.2,1499000
1499000,1540000,1479000,2231,7.2,1534000
1522000,1538000,1498000,1631,7.9,1528000
1528000,1534000,1472000,2430,12.6,1495000
1480000,1510000,1466000,1101,14.6,1482000
1486000,1510000,1453000,758,8,1461000
1461000,1480000,1450000,845,6.2,1466000
1462000,1509000,1462000,1080,5,1502000
1510000,1587000,1507000,2240,5.5,1584000
1569000,1587000,1537000,1729,6.9,1542000
1538000,1640000,1534000,2288,7.5,1629000
1629000,1698000,1629000,2575,13.2,1686000
1674000,1717000,1657000,1722,14.8,1705000
1683000,1714000,1647000,1604,12.3,1705000
1705000,1719000,1663000,941,9.8,1666000
1643000,1701000,1640000,812,11.4,1671000
1662000,1690000,1645000,955,11.2,1650000
1650000,1716000,1649000,1659,12.3,1692000
1722000,1730000,1631000,1431,9.3,1646000
1641000,1677000,1641000,648,11.7,1666000
1669000,1677000,1647000,780,13.5,1659000
1670000,1719000,1659000,1621,13.4,1719000
1685000,1722000,1685000,994,12.4,1722000
1728000,1728000,1662000,1831,12.6,1705000
1689000,1717000,1657000,2137,14.6,1669000
1669000,1669000,1623000,1817,18.7,1639000
1642000,1651000,1632000,1203,19.4,1633000
1633000,1697000,1631000,2012,18.1,1695000
1671000,1676000,1610000,2868,14,1610000
1610000,1624000,1571000,1439,21.6,1622000
1611000,1621000,1590000,1124,20.2,1593000
1595000,1598000,1570000,1214,19.4,1593000
1598000,1615000,1593000,1119,22,1598000
1596000,1605000,1574000,1511,14.4,1600000
1600000,1606000,1580000,647,17.7,1590000
1587000,1596000,1562000,1378,19.7,1565000
1554000,1573000,1529000,969,22.1,1529000
1529000,1555000,1524000,1058,21.3,1543000
1531000,1560000,1530000,593,19.7,1546000
1560000,1568000,1548000,647,18.9,1565000
1572000,1572000,1548000,799,16.1,1553000
1551000,1562000,1527000,1593,19.2,1550000
1552000,1553000,1491000,3090,21.3,1510000
1508000,1519000,1488000,1324,21.3,1517000
1505000,1508000,1440000,4432,22.8,1462000
1455000,1479000,1448000,2129,24.8,1454000
1445000,1472000,1441000,2101,25.7,1453000
1453000,1463000,1411000,1194,27.5,1453000
1466000,1480000,1439000,1332,23.7,1462000
1465000,1465000,1450000,264,20.5,1451000
1450000,1451000,1405000,2083,23,1434000
1432000,1432000,1393000,2192,24.6,1396000
1405000,1419000,1384000,1432,22.3,1418000
1427000,1427000,1374000,1815,21.7,1397000
1397000,1399000,1368000,1621,24.3,1399000
1389000,1395000,1341000,2099,25.8,1343000
1329000,1335000,1296000,1927,26.6,1317000
1304000,1322000,1298000,1406,23.5,1316000
1323000,1340000,1312000,3052,25.1,1340000
1329000,1330000,1306000,2001,24.5,1315000
1320000,1340000,1308000,4111,25.1,1340000
1327000,1398000,1326000,3620,25.5,1380000
1362000,1420000,1362000,2712,27.1,1400000
1402000,1474000,1383000,2616,24.3,1460000
1446000,1446000,1416000,1393,25.2,1439000
1423000,1472000,1423000,1878,24.9,1467000
1482000,1482000,1458000,1005,25.6,1474000
1463000,1480000,1446000,754,24.3,1453000
1470000,1489000,1446000,1462,24.5,1478000
1477000,1477000,1443000,761,25.3,1447000
1475000,1480000,1447000,890,24.6,1474000
1474000,1481000,1460000,738,23.6,1464000
1452000,1506000,1446000,1219,26.5,1505000
1492000,1501000,1473000,937,26.9,1481000
1481000,1509000,1466000,807,24.2,1466000
1466000,1497000,1451000,1077,25.1,1471000
1470000,1489000,1453000,299,26.8,1453000
1468000,1488000,1461000,820,26.4,1488000
1487000,1499000,1467000,671,25.7,1490000
1490000,1500000,1471000,558,24.7,1477000
1459000,1490000,1459000,553,26,1473000
1473000,1504000,1473000,638,26.5,1504000
1504000,1510000,1483000,1180,26.5,1483000
1466000,1501000,1466000,1095,26.3,1473000
1487000,1499000,1470000,1001,26.4,1473000
1475000,1499000,1471000,732,28,1475000
1476000,1490000,1473000,1268,27.4,1480000
1480000,1494000,1480000,438,27.7,1480000
1475000,1482000,1449000,1011,26.4,1473000
1473000,1475000,1461000,947,28.7,1463000
1473000,1473000,1419000,883,29.3,1423000
1412000,1429000,1402000,1135,29.2,1416000
1401000,1429000,1384000,1342,29.3,1420000
1418000,1425000,1399000,1140,29,1409000
1409000,1452000,1390000,1953,28.6,1421000
1438000,1438000,1408000,1578,28.7,1424000
1413000,1428000,1405000,1074,28.2,1418000
1412000,1425000,1402000,1024,27.4,1413000
1396000,1411000,1369000,1601,28.8,1374000
1375000,1375000,1326000,2281,29.3,1352000
1335000,1349000,1328000,2198,25.7,1339000
1328000,1338000,1316000,1260,27,1321000
1310000,1335000,1308000,1702,25.6,1330000
1313000,1374000,1313000,1957,26.4,1349000
1348000,1398000,1348000,2822,25.5,1367000
1380000,1395000,1364000,1327,25.1,1392000
1392000,1449000,1379000,2197,22.4,1443000
1431000,1466000,1430000,3585,21.7,1449000
1455000,1470000,1425000,1721,22,1434000
1423000,1469000,1423000,1384,21.2,1459000
1446000,1463000,1437000,1034,20.8,1442000
1460000,1466000,1442000,1231,23,1453000
1443000,1457000,1440000,2191,22,1440000
1440000,1458000,1428000,2350,20.1,1444000
1451000,1480000,1438000,3641,23,1480000
1477000,1495000,1456000,2849,22.9,1485000
1499000,1503000,1462000,1802,20.9,1500000
1480000,1501000,1478000,1062,22.6,1481000
1475000,1541000,1471000,1616,23.8,1521000
1509000,1541000,1509000,1003,22,1522000
1532000,1570000,1520000,2603,19.5,1568000
1550000,1648000,1550000,3115,17.3,1613000
1677000,1677000,1581000,2609,17.9,1647000
1646000,1700000,1614000,3298,20.7,1697000
1697000,1697000,1646000,1856,21.6,1646000
1666000,1696000,1649000,3307,19.4,1662000
1651000,1697000,1643000,2073,17.4,1662000
1643000,1651000,1612000,1353,22.8,1612000
1633000,1633000,1588000,1193,20,1607000
1617000,1630000,1555000,1931,21.1,1560000
1563000,1597000,1560000,1970,18.1,1592000
1563000,1590000,1542000,1512,18.3,1556000
1556000,1593000,1550000,1532,12,1565000
1565000,1581000,1542000,1888,11.2,1564000
1556000,1573000,1534000,1339,12.4,1536000
1539000,1585000,1539000,1538,13.6,1581000
1565000,1580000,1562000,1033,16.2,1573000
1587000,1622000,1560000,2311,15.9,1570000
1576000,1620000,1573000,2717,16.2,1615000
1615000,1615000,1584000,2205,13.1,1598000
1597000,1607000,1591000,1578,9.3,1591000
1590000,1604000,1578000,1735,11.6,1587000
1588000,1613000,1585000,2082,12.7,1593000
1594000,1601000,1573000,1344,10.5,1581000
1581000,1593000,1572000,1624,11.7,1575000
1576000,1594000,1575000,2248,14.8,1585000
1581000,1582000,1520000,3735,12.6,1549000
1533000,1545000,1519000,1436,12.3,1529000
1525000,1569000,1510000,2108,12.2,1567000
1552000,1564000,1541000,1648,12.2,1558000
1560000,1563000,1515000,1433,9,1563000
1549000,1549000,1518000,1357,2.6,1536000
1525000,1546000,1515000,1376,3.4,1525000
1518000,1558000,1516000,1191,4.8,1527000
1516000,1565000,1516000,2081,6.7,1522000
1531000,1557000,1531000,1301,8.2,1533000
1532000,1544000,1512000,1517,1.1,1528000
1522000,1552000,1517000,2274,1.5,1528000
1526000,1540000,1526000,1014,2.6,1534000
1525000,1530000,1506000,1734,4.6,1528000
1518000,1529000,1516000,796,7.1,1528000
1515000,1542000,1505000,1716,4.7,1512000
1512000,1512000,1486000,3007,2.1,1486000
1486000,1500000,1476000,1991,0,1494000
1507000,1526000,1494000,1501,-3.8,1524000
1512000,1545000,1512000,2081,-0.7,1536000
1522000,1544000,1503000,848,3.9,1524000
1522000,1522000,1504000,783,6.7,1516000
1516000,1529000,1507000,1058,5.5,1529000
1535000,1535000,1495000,1449,5.5,1508000
1495000,1499000,1478000,1460,3,1480000
1500000,1503000,1479000,616,3.8,1482000
1494000,1495000,1471000,1320,0.3,1479000
1473000,1510000,1473000,1116,-1.7,1500000
1484000,1494000,1465000,2138,-3.2,1479000
1480000,1500000,1477000,660,-6.8,1496000
1495000,1510000,1477000,1002,-3.6,1496000
1496000,1508000,1476000,1551,-0.3,1486000
1485000,1493000,1472000,1780,2.2,1477000
1489000,1490000,1471000,1488,-3.5,1476000
1472000,1492000,1472000,785,-4,1492000
1503000,1527000,1484000,2002,-1.1,1507000
1511000,1551000,1511000,2198,-1.6,1551000
1548000,1578000,1534000,1708,-0.5,1551000
1552000,1576000,1535000,1838,-6.8,1543000
1543000,1565000,1516000,1237,2.2,1525000
1544000,1568000,1511000,1972,1.5,1511000
1518000,1527000,1490000,2139,2.3,1508000
1500000,1512000,1483000,1731,0.8,1503000
1492000,1515000,1492000,1802,3,1494000
1496000,1520000,1490000,1120,0.5,1508000
1523000,1523000,1479000,1749,-7.8,1479000
1491000,1496000,1475000,1235,-4.7,1485000
1477000,1534000,1477000,1915,-6.2,1502000
1500000,1555000,1490000,2330,-4.3,1530000
1519000,1548000,1518000,1002,-2.9,1541000
1541000,1555000,1533000,1600,0.1,1546000
1537000,1557000,1533000,987,-0.1,1545000
1536000,1557000,1536000,669,-1.5,1540000
1535000,1600000,1533000,1724,-5.5,1585000
1573000,1636000,1573000,2016,-3.9,1609000
1611000,1611000,1565000,1539,-0.8,1565000
1559000,1585000,1543000,1058,3,1572000
1574000,1574000,1544000,1042,0.2,1572000
1575000,1587000,1540000,1120,1.5,1587000
1590000,1642000,1572000,1880,2.2,1620000
1620000,1635000,1582000,1022,4.9,1619000
1616000,1630000,1584000,2224,-3.5,1622000
1622000,1630000,1579000,1867,-7.4,1580000
1585000,1609000,1580000,1952,-4.8,1596000
1609000,1617000,1593000,3363,-1.3,1595000
1602000,1614000,1573000,1201,-0.1,1573000
1570000,1585000,1546000,2044,0.2,1573000
1561000,1576000,1557000,1247,1.2,1574000
1573000,1589000,1553000,1123,1.9,1553000
1554000,1568000,1549000,978,2.7,1556000
1581000,1581000,1544000,481,4.2,1552000
1549000,1551000,1529000,1061,2.5,1532000
1527000,1545000,1514000,1587,2.1,1514000
1514000,1516000,1495000,1455,1.2,1504000
1494000,1529000,1494000,982,0.9,1529000
1529000,1531000,1503000,485,4.1,1506000
1508000,1535000,1508000,1220,5.7,1530000
1514000,1530000,1506000,1350,8.4,1518000
1512000,1522000,1498000,1612,7.7,1501000
1501000,1528000,1501000,2005,6.7,1520000
1505000,1521000,1502000,987,5.2,1503000
1503000,1514000,1494000,1634,6.3,1495000
1501000,1515000,1501000,1012,1.4,1509000
1509000,1510000,1495000,1317,0.3,1503000
1509000,1509000,1498000,752,-0.6,1498000
1494000,1503000,1473000,1042,1.5,1473000
1473000,1474000,1451000,1314,4.5,1455000
1456000,1459000,1437000,1395,6.9,1438000
1453000,1480000,1437000,1530,5.2,1479000
1479000,1481000,1444000,1753,3.4,1455000
1457000,1464000,1425000,702,12.6,1434000
1436000,1473000,1436000,1155,10.5,1451000
1453000,1467000,1443000,405,9.6,1458000
1453000,1460000,1435000,757,6.3,1446000
1459000,1459000,1415000,2225,5.9,1415000
1422000,1424000,1411000,993,10.9,1412000
1419000,1423000,1412000,586,14.6,1414000
1417000,1462000,1416000,2588,15.4,1445000
1473000,1502000,1453000,2191,13.5,1502000
1496000,1519000,1493000,3361,16.6,1519000
1502000,1509000,1484000,1615,14.5,1492000
1486000,1515000,1456000,1995,15.6,1493000
1484000,1495000,1482000,2259,15.5,1482000
1474000,1496000,1474000,1410,10.2,1484000
1490000,1490000,1477000,796,6.6,1481000
1481000,1487000,1475000,623,10.3,1486000
1481000,1485000,1462000,1094,11.9,1474000
1475000,1508000,1474000,1195,10.3,1488000
1509000,1509000,1480000,1378,12.5,1508000
1487000,1499000,1476000,1011,13.6,1481000
1481000,1486000,1468000,493,16.3,1470000
1470000,1506000,1470000,2585,12.9,1506000
1498000,1517000,1485000,1831,14,1516000
1508000,1514000,1488000,1909,14.7,1492000
1508000,1596000,1494000,6393,15.9,1560000
1580000,1619000,1566000,3854,15.1,1599000
1602000,1656000,1579000,4274,16,1608000
1608000,1639000,1567000,3541,17.2,1608000
1608000,1618000,1550000,3384,18.6,1555000
1548000,1560000,1510000,3492,19,1531000
1510000,1539000,1510000,721,13.6,1527000
1528000,1574000,1527000,1734,15,1571000
1565000,1577000,1549000,1426,16.1,1563000
1553000,1570000,1541000,891,15.7,1558000
1558000,1577000,1512000,1858,15.7,1512000
1510000,1531000,1493000,2214,14.5,1493000
1494000,1510000,1481000,1789,16.8,1492000
1498000,1525000,1493000,1144,16.4,1503000
1512000,1547000,1503000,2029,19.2,1535000
1526000,1575000,1526000,1581,19.6,1566000
1553000,1579000,1546000,849,18.2,1550000
1547000,1655000,1547000,4840,19,1617000
1617000,1657000,1591000,2854,20,1652000
1640000,1656000,1613000,2257,21.5,1629000
1618000,1677000,1618000,2360,20.1,1664000
1680000,1686000,1632000,1863,20.9,1663000
1673000,1688000,1647000,2647,22,1675000
1661000,1689000,1656000,1414,19.4,1660000
1675000,1675000,1623000,1835,22.8,1645000
1635000,1672000,1630000,2007,24,1639000
1645000,1646000,1625000,2023,23.2,1641000
1630000,1655000,1590000,2603,24.8,1590000
1590000,1655000,1590000,4161,22.6,1650000
1631000,1675000,1621000,3983,18.7,1669000
1652000,1761000,1652000,4268,22.9,1761000
1761000,1785000,1695000,3342,23.6,1710000
1712000,1824000,1708000,3706,20.5,1820000
1818000,1831000,1780000,3001,21.2,1829000
1808000,1831000,1802000,2119,21.3,1802000
1794000,1813000,1754000,3248,23.9,1784000
1768000,1806000,1767000,1929,24.5,1798000
1808000,1828000,1793000,1619,24.4,1797000
1794000,1810000,1775000,1749,22.5,1784000
1780000,1798000,1737000,2677,24.2,1772000
1784000,1784000,1739000,2025,23.1,1759000
1759000,1781000,1743000,1664,21,1773000
1755000,1794000,1755000,1255,22.9,1788000
1788000,1788000,1742000,2179,23.8,1747000
1742000,1766000,1742000,1321,24.4,1742000
1756000,1759000,1741000,1212,24.1,1746000
1760000,1766000,1741000,1333,25.3,1758000
1758000,1785000,1754000,1810,26,1763000
1781000,1784000,1771000,2867,25.7,1771000
1770000,1782000,1762000,2288,22.6,1776000
1785000,1827000,1777000,2191,26.8,1819000
1819000,1819000,1787000,2029,27.1,1791000
1819000,1888000,1797000,3238,25.9,1874000
1874000,1877000,1828000,2465,27.6,1835000
1850000,1861000,1800000,3002,28.9,1802000
1800000,1828000,1793000,2795,27.1,1822000
1810000,1870000,1810000,2842,26.4,1848000
1852000,1961000,1852000,3777,26.8,1881000
1881000,1881000,1822000,3296,26.6,1842000
1827000,1879000,1827000,1981,25.9,1863000
1870000,1888000,1844000,1352,26.1,1864000
1856000,1879000,1851000,1190,27.3,1853000
1834000,1859000,1833000,1842,25.9,1840000
1838000,1935000,1838000,5590,23.6,1876000
1884000,1916000,1862000,1698,21.9,1872000
1867000,1881000,1855000,1393,27.5,1858000
1853000,1878000,1851000,1114,26.6,1866000
1873000,1884000,1802000,3071,26.5,1805000
1816000,1852000,1815000,1949,28.6,1845000
1847000,1867000,1846000,1957,28.6,1853000
1865000,1917000,1850000,3210,30.2,1872000
1907000,2003000,1879000,3709,26.4,1975000
1987000,2094000,1927000,4304,26.6,2043000
2056000,2187000,2032000,5850,24.4,2052000
2063000,2103000,2053000,2490,24.7,2080000
2060000,2069000,2006000,2061,26.1,2051000
2080000,2109000,2042000,2426,23.7,2051000
2068000,2104000,2036000,2385,25.8,2066000
2068000,2138000,2068000,2303,24.2,2120000
2104000,2119000,2082000,1277,22.3,2095000
2094000,2284000,2075000,2699,22.3,2244000
2226000,2244000,2171000,2467,22.3,2205000
2244000,2263000,2192000,1995,24.8,2210000
2221000,2228000,2160000,2214,23.1,2216000
2183000,2216000,2130000,3881,24.7,2131000
2133000,2169000,2128000,1811,25.9,2153000
2173000,2173000,2134000,2023,25.4,2134000
2134000,2156000,2127000,1557,24.6,2135000
2125000,2142000,2104000,1189,25.1,2114000
2123000,2125000,2046000,2841,25.2,2062000
2054000,2088000,2045000,1411,24.1,2075000
2057000,2080000,2013000,2602,23.1,2015000
2006000,2057000,2006000,2117,19.1,2042000
2042000,2047000,2021000,1601,23.8,2022000
2015000,2078000,2015000,2328,22.4,2050000
2019000,2025000,1982000,4511,23.3,1989000
1985000,2031000,1984000,1328,21.3,2017000
2007000,2072000,1993000,1666,23.1,2060000
2072000,2115000,2072000,1695,21.3,2110000
2123000,2123000,2073000,1517,20.2,2082000
2073000,2129000,2056000,1912,20.6,2123000
2102000,2150000,2100000,2859,21.4,2131000
2131000,2154000,2092000,1279,21.4,2095000
2106000,2112000,2091000,2424,23,2109000
2110000,2184000,2110000,4020,20.3,2172000
2172000,2202000,2153000,2639,22.2,2201000
2214000,2215000,2178000,1160,21,2191000
2164000,2185000,2142000,1696,19.4,2178000
2153000,2183000,2113000,1476,18.9,2173000
2153000,2171000,2102000,2171,19.2,2133000
2131000,2155000,2081000,2719,18.1,2148000
2119000,2130000,2076000,2594,16.6,2076000
2076000,2088000,1999000,4628,16.1,2007000
1994000,2038000,1986000,3240,16.7,2029000
2052000,2052000,1912000,3777,19,1954000
1948000,1949000,1857000,4021,17.4,1882000
1926000,1930000,1872000,1605,13.8,1910000
1917000,1917000,1865000,2009,13.8,1888000
1867000,1911000,1867000,929,13.2,1911000
1924000,1924000,1865000,1588,13.6,1893000
1893000,1907000,1866000,1526,14.4,1876000
1867000,1870000,1802000,2381,13.8,1832000
1823000,1962000,1823000,2450,13.6,1962000
1963000,1994000,1915000,2067,13.8,1950000
1950000,1971000,1900000,1716,15.1,1907000
1930000,1930000,1831000,3875,10.7,1853000
1853000,1882000,1812000,3345,10.2,1823000
1823000,1835000,1786000,3827,12.1,1794000
1780000,1794000,1733000,3693,14.2,1753000
1740000,1744000,1697000,3414,15,1697000
1695000,1740000,1694000,2244,9.3,1735000
1735000,1756000,1680000,2939,11.3,1701000
1714000,1768000,1681000,2165,12.4,1763000
1745000,1745000,1682000,2976,13.5,1702000
1684000,1700000,1631000,4640,9.8,1637000
1640000,1646000,1574000,4969,9.4,1604000
1589000,1657000,1589000,2734,9.4,1648000
1645000,1647000,1605000,2854,6,1637000
1637000,1719000,1621000,3487,-0.2,1709000
1681000,1685000,1625000,2966,4.2,1643000
1622000,1639000,1580000,2724,6.2,1602000
1600000,1636000,1592000,1725,5,1620000
1622000,1688000,1614000,2787,5.6,1680000
1687000,1687000,1631000,2531,7.9,1643000
1616000,1648000,1615000,1980,11.3,1640000
1622000,1643000,1601000,3526,9.8,1607000
1611000,1647000,1610000,2036,10.2,1621000
1621000,1646000,1621000,1644,11,1645000
1645000,1645000,1612000,1755,10.4,1619000
1612000,1643000,1611000,1165,8.8,1640000
1630000,1635000,1598000,1967,-1.1,1600000
1598000,1642000,1590000,1806,-5.4,1638000
1625000,1650000,1613000,935,-3.3,1631000
1625000,1642000,1613000,1488,-4.6,1634000
1625000,1648000,1606000,2368,-1.6,1617000
1610000,1617000,1580000,2876,-2.4,1581000
1596000,1596000,1540000,3991,1.6,1550000
1543000,1568000,1512000,2206,-1.5,1552000
1553000,1560000,1516000,2386,-3.8,1519000
1519000,1533000,1481000,4514,-0.1,1500000
1490000,1503000,1475000,2061,-4.9,1480000
1480000,1502000,1461000,2167,-9,1476000
1486000,1489000,1473000,1363,-8.3,1480000
1498000,1498000,1456000,1862,-3.8,1465000
1466000,1482000,1461000,1352,-4.7,1463000
1470000,1530000,1464000,2493,-1.3,1521000
1520000,1533000,1503000,1774,1.7,1518000
1518000,1532000,1510000,719,-3.2,1522000
1523000,1537000,1511000,1309,2.9,1519000
1519000,1519000,1498000,790,1.9,1505000
1490000,1515000,1483000,1087,-1.9,1485000
1476000,1489000,1459000,1567,-6,1480000
1460000,1480000,1451000,1517,3.7,1477000
1475000,1490000,1452000,1204,-3.2,1461000
1487000,1592000,1487000,6738,-5.5,1566000
1575000,1591000,1501000,3886,-5.1,1541000
1530000,1584000,1524000,2076,-2.1,1573000
1573000,1616000,1573000,2955,-2.7,1607000
1613000,1617000,1598000,2131,0.2,1611000
1610000,1648000,1610000,3829,2.5,1645000
1643000,1645000,1612000,1884,2.8,1638000
1652000,1652000,1595000,1651,0.8,1621000
1625000,1640000,1595000,1226,-0.1,1614000
1633000,1752000,1603000,4559,-0.9,1686000
1688000,1718000,1643000,3448,2.6,1663000
1694000,1694000,1639000,2431,3.1,1639000
1658000,1671000,1636000,2026,1.2,1659000
1659000,1677000,1628000,1891,3.6,1671000
1685000,1694000,1665000,1063,-3.6,1672000
1694000,1695000,1650000,1529,-4.1,1659000
1663000,1670000,1631000,1892,-1.1,1642000
1637000,1678000,1637000,2541,-3.3,1666000
1666000,1689000,1642000,2341,-0.6,1685000
1698000,1749000,1672000,3180,0.6,1736000
1736000,1763000,1726000,2730,0.4,1759000
1742000,1780000,1726000,2229,-0.1,1773000
1770000,1787000,1751000,2246,0.4,1757000
1754000,1811000,1733000,3251,-5.7,1791000
1800000,1800000,1761000,2717,1.7,1791000
1767000,1798000,1767000,2079,2.7,1795000
1798000,1840000,1787000,3612,-2.2,1787000
1815000,1862000,1813000,2392,-1.6,1855000
1840000,1911000,1840000,3239,5,1881000
1870000,1950000,1838000,3153,1.9,1867000
1842000,1902000,1840000,2072,0.9,1848000
1841000,1861000,1812000,1842,2.1,1833000
1827000,1827000,1767000,3001,5.4,1816000
1818000,1830000,1762000,2694,1.2,1780000
1770000,1786000,1746000,2469,-1.3,1763000
1756000,1773000,1721000,2425,3.9,1723000
1724000,1773000,1694000,3792,2.8,1728000
1717000,1744000,1703000,2782,-2.1,1721000
1710000,1728000,1705000,1914,-0.3,1710000
1701000,1710000,1680000,3689,2.9,1681000
1662000,1688000,1660000,2318,2.2,1679000
1667000,1679000,1663000,1700,-3.4,1671000
1663000,1665000,1595000,5155,0.4,1599000
1599000,1634000,1587000,4318,2.1,1615000
1625000,1629000,1590000,5855,5.6,1595000
1596000,1616000,1581000,4867,9.8,1597000
1604000,1619000,1598000,3419,10.7,1611000
1624000,1689000,1612000,5508,10.7,1682000
1682000,1682000,1641000,3249,12.4,1656000
1659000,1705000,1651000,4516,13.4,1655000
1674000,1676000,1651000,3656,4.6,1669000
1669000,1669000,1626000,4057,5.4,1639000
1637000,1646000,1619000,4012,6.5,1622000
1628000,1646000,1603000,4547,7.9,1607000
1607000,1636000,1607000,3020,9.1,1629000
1637000,1683000,1625000,3571,13.2,1674000
1684000,1723000,1650000,5009,12.9,1723000
1723000,1799000,1718000,8369,12.9,1792000
1792000,1850000,1756000,7079,14.8,1819000
1856000,1860000,1795000,4518,10.6,1824000
1830000,1872000,1820000,4508,10.3,1866000
1878000,1878000,1785000,4869,8.4,1813000
1793000,1799000,1759000,4697,8.3,1790000
1791000,1829000,1789000,2833,9.6,1829000
1820000,1820000,1794000,3274,11.6,1807000
1800000,1834000,1790000,3544,12,1830000
1833000,1841000,1799000,3789,6.9,1820000
1802000,1950000,1802000,7461,11.1,1928000
1929000,2008000,1918000,5214,9.9,1984000
1994000,2227000,1994000,9263,10.5,2121000
2152000,2186000,2063000,3994,12.2,2091000
2091000,2139000,2066000,3394,14,2111000
2112000,2143000,2052000,4472,14.2,2100000
2088000,2180000,2069000,5685,14.5,2169000
2172000,2310000,2172000,8921,15.7,2226000
2375000,2559000,2331000,13936,18.5,2365000
2342000,2443000,2303000,8538,20.3,2364000
2370000,2410000,2302000,5958,17,2364000
2376000,2394000,2324000,5092,21.2,2378000
2388000,2441000,2376000,4558,16.1,2406000
2423000,2495000,2348000,6802,15.4,2392000
2384000,2400000,2240000,8608,16.5,2311000
2312000,2350000,2272000,3304,16.7,2339000
2343000,2394000,2333000,5480,18.4,2394000
2401000,2422000,2381000,4448,13.3,2420000
2420000,2447000,2385000,4150,17.4,2425000
2411000,2442000,2401000,2188,20.4,2405000
2400000,2548000,2400000,7498,19.1,2492000
2528000,2739000,2511000,7282,17.7,2708000
2755000,2990000,2675000,8879,14.8,2753000
2754000,2789000,2702000,5303,16.3,2736000
2736000,2770000,2594000,10259,18.7,2605000
2605000,2605000,2523000,10453,20,2545000
2629000,2630000,2512000,6878,21.5,2541000
2523000,2524000,2429000,9898,23.2,2505000
2480000,2560000,2465000,8360,24.3,2511000
2514000,2593000,2500000,7632,23.8,2565000
2567000,2578000,2418000,6206,21.7,2550000
2555000,2586000,2428000,8687,23.1,2428000
2429000,2448000,2333000,8967,23.3,2396000
2379000,2400000,2312000,7505,24.2,2378000
2350000,2408000,2327000,5543,19.1,2394000
2410000,2470000,2371000,9386,22.4,2430000
2450000,2535000,2441000,10701,22.2,2520000
2550000,2557000,2436000,8363,25.3,2458000
2460000,2505000,2445000,5272,24.6,2497000
2530000,2575000,2503000,7652,23.6,2532000
2532000,2540000,2454000,4904,24.2,2505000
2505000,2511000,2429000,5429,25,2460000
2463000,2510000,2437000,4792,23.4,2501000
2527000,2528000,2462000,4838,24.8,2490000
2484000,2499000,2425000,4938,24.5,2452000
2450000,2453000,2396000,3508,24,2413000
2410000,2525000,2390000,6414,24.7,2473000
2505000,2513000,2451000,3558,25.7,2455000
2454000,2586000,2428000,5433,24.8,2581000
2600000,2601000,2511000,5237,21,2591000
2550000,2668000,2541000,4753,25.7,2572000
2572000,2669000,2543000,5388,24.4,2658000
2659000,2690000,2600000,4386,23.7,2648000
2646000,2646000,2565000,4831,23.7,2573000
2574000,2619000,2532000,3370,23.3,2557000
2532000,2579000,2501000,3587,25.3,2566000
2550000,2563000,2402000,5051,25.6,2486000
2499000,2499000,2397000,5046,23.4,2404000
2404000,2404000,2255000,5296,26.5,2400000
2420000,2428000,2330000,4486,29.2,2389000
2403000,2445000,2445000,1930,23.1,2445000
2445000,2471000,2413000,2387,26.1,2446000
2458000,2499000,2423000,3425,27.9,2458000
2447000,2472000,2408000,1723,24.7,2408000
2397000,2408000,2328000,4244,23.6,2329000
2338000,2384000,2320000,3126,27.5,2345000
2336000,2341000,2295000,3640,27,2295000
2299000,2299000,2215000,5071,27.7,2231000
2205000,2318000,2193000,4635,26.9,2294000
2315000,2315000,2260000,2787,24.7,2290000
2292000,2330000,2210000,4480,26.2,2229000
2202000,2245000,2164000,3838,27.7,2229000
2232000,2386000,2232000,10062,26.7,2288000
2299000,2357000,2247000,3116,28.6,2278000
2245000,2297000,2218000,2263,27.9,2248000
2213000,2213000,2007000,11002,27.9,2094000
2119000,2188000,2080000,6796,27.5,2117000
2112000,2128000,2052000,8385,28.6,2057000
2049000,2106000,1888000,27881,29.3,2066000
2030000,2232000,2001000,11739,28.9,2170000
2117000,2254000,2111000,6107,27,2228000
2281000,2394000,2201000,10616,26.8,2278000
2270000,2300000,2160000,5979,27.3,2238000
2238000,2316000,2238000,5963,26.5,2246000
2254000,2318000,2203000,3171,26.6,2238000
2298000,2299000,2242000,3844,27.9,2245000
2245000,2262000,2102000,5327,26.8,2260000
2207000,2246000,2184000,2527,25.4,2217000
2208000,2217000,2120000,3272,25.2,2190000
2190000,2227000,2046000,4676,26.3,2132000
2160000,2160000,2066000,5462,21.7,2075000
2084000,2099000,2032000,4947,21.9,2089000
2104000,2153000,2080000,4851,24.7,2130000
2149000,2180000,2107000,5621,23.2,2153000
2162000,2315000,2162000,5786,25.9,2285000
2260000,2373000,2260000,5525,25.9,2345000
2330000,2375000,2290000,3758,23.9,2335000
2345000,2440000,2334000,5639,23.9,2416000
2392000,2463000,2257000,6860,24.8,2288000
2276000,2368000,2238000,3210,22.6,2252000
2270000,2279000,2182000,3012,22.7,2206000
2208000,2320000,2208000,3767,22.4,2320000
2328000,2346000,2253000,3308,22.4,2346000
2310000,2345000,2280000,2618,21,2331000
2343000,2360000,2275000,2679,22.1,2292000
2281000,2316000,2270000,1454,22.8,2284000
2313000,2322000,2235000,3888,21.6,2235000
2255000,2279000,2243000,1623,21.4,2248000
2269000,2309000,2249000,3492,21.9,2263000
2256000,2315000,2256000,2601,22.6,2270000
2310000,2334000,2275000,3501,23.9,2319000
2305000,2393000,2305000,3189,22,2335000
2350000,2394000,2335000,2166,23.4,2394000
2385000,2430000,2291000,3479,23.4,2325000
2262000,2426000,2250000,4908,21.3,2412000
2387000,2446000,2387000,2473,16.3,2442000
2438000,2490000,2350000,4590,16.5,2379000
2400000,2429000,2365000,2447,18,2420000
2438000,2444000,2391000,1661,18.7,2398000
2373000,2396000,2325000,3040,19.6,2325000
2328000,2351000,2270000,4826,20.1,2274000
2250000,2258000,2179000,6798,12.3,2186000
2152000,2212000,2152000,4002,15,2204000
2204000,2277000,2182000,3903,17.1,2235000
2213000,2272000,2206000,2468,17.9,2267000
2278000,2316000,2231000,3118,17.5,2281000
2281000,2282000,2180000,4333,18.1,2183000
2198000,2198000,2113000,6086,18.8,2129000
2138000,2190000,2128000,4754,17.9,2151000
2137000,2174000,2137000,3802,17.5,2165000
2165000,2174000,2124000,2562,17.5,2141000
2127000,2170000,2125000,1934,15,2166000
2148000,2172000,2126000,2171,12.1,2139000
2139000,2273000,2139000,6296,9.9,2263000
2239000,2279000,2206000,3164,8.4,2244000
2244000,2270000,2181000,3744,5.4,2233000
2232000,2233000,2153000,1926,10.8,2154000
2161000,2187000,2141000,2384,11.8,2162000
2152000,2179000,2143000,1794,12.2,2162000
2162000,2177000,2143000,1761,13.2,2170000
2153000,2170000,2142000,1757,13.5,2144000
2146000,2152000,2083000,2315,10.8,2103000
2090000,2090000,2026000,2637,10,2071000
2070000,2129000,2051000,1824,11.6,2090000
2078000,2127000,2044000,3075,14.5,2118000
2130000,2190000,2130000,8235,11.5,2165000
2159000,2249000,2131000,5619,12.2,2194000
2173000,2271000,2173000,6251,13.9,2266000
2251000,2296000,2225000,4279,10.4,2294000
2300000,2353000,2270000,3974,8.9,2351000
2345000,2362000,2280000,3147,9.8,2351000
2315000,2378000,2290000,4705,8.5,2341000
2318000,2343000,2257000,5159,5.6,2268000
2270000,2281000,2233000,3841,2.4,2279000
2264000,2295000,2232000,3497,-2.7,2256000
2241000,2286000,2241000,4098,-2.8,2276000
2308000,2326000,2216000,47340,4.1,2238000
2275000,2301000,2244000,3682,4,2301000
2282000,2302000,2209000,6967,6,2230000
2230000,2234000,2191000,2617,-0.7,2217000
2192000,2214000,2150000,3022,-0.4,2150000
2144000,2153000,2103000,4780,1.9,2115000
2130000,2137000,2101000,2908,2.9,2102000
2121000,2142000,2110000,2702,5,2134000
2143000,2143000,2107000,2488,7.8,2132000
2137000,2138000,2043000,3898,6.4,2090000
2070000,2083000,2040000,1823,5,2079000
2081000,2120000,2074000,2088,4.7,2119000
2120000,2156000,2119000,2303,-1,2156000
2156000,2164000,2107000,2981,-4.6,2134000
2134000,2214000,2106000,4617,-3.3,2214000
2210000,2229000,2183000,1423,2.2,2191000
2174000,2195000,2146000,2205,3.1,2182000
2180000,2180000,2145000,1844,5.9,2165000
2178000,2205000,2165000,2700,1.5,2192000
2192000,2204000,2173000,1237,-5.7,2202000
2219000,2219000,2142000,2013,-3.2,2145000
2150000,2230000,2150000,3267,0.3,2219000
2219000,2252000,2176000,2365,2,2181000
2182000,2285000,2182000,5099,-2.7,2282000
2293000,2379000,2263000,5828,-1.7,2379000
2368000,2422000,2291000,4881,-3.4,2404000
2399000,2443000,2359000,3421,-3.3,2426000
2374000,2436000,2374000,1524,-3.8,2403000
2395000,2414000,2361000,2071,-5.2,2396000
2391000,2409000,2320000,3749,-4.5,2339000
2339000,2367000,2291000,3590,-3.4,2336000
2368000,2371000,2268000,3158,-0.4,2323000
2323000,2360000,2287000,2251,-6.3,2360000
2359000,2400000,2324000,2290,-12.8,2400000
2420000,2438000,2302000,3916,-10.5,2315000
2314000,2337000,2309000,1612,-7.1,2327000
2346000,2349000,2231000,5304,-7.6,2234000
2218000,2228000,2153000,6778,-9.4,2161000
2157000,2193000,2157000,2599,-3.3,2181000
2176000,2194000,2139000,4972,-1.1,2162000
2147000,2165000,2109000,3880,-0.5,2145000
2145000,2180000,2137000,2733,1.9,2180000
2181000,2209000,2181000,3034,-6,2204000
2183000,2225000,2182000,2530,-5.3,2220000
2218000,2231000,2190000,2071,-2.4,2227000
2211000,2211000,2088000,12972,-0.7,2100000
2103000,2124000,2102000,3299,-2.2,2120000
2118000,2120000,2078000,2180,8.1,2095000
2073000,2092000,1981000,4390,8.4,1995000
2002000,2018000,1915000,5409,-5.8,1983000
1980000,2040000,1980000,2679,-2.7,2010000
1986000,2029000,1930000,5687,0,1961000
1979000,1995000,1937000,3478,3.5,1951000
1952000,2018000,1952000,3440,2.3,2010000
2010000,2042000,1992000,1996,1.1,1999000
2018000,2033000,2004000,2793,0.7,2016000
2005000,2033000,2005000,2246,-3,2033000
2036000,2054000,2020000,2587,-0.2,2050000
2050000,2068000,2050000,2166,2.2,2059000
2054000,2075000,2050000,3338,-3.8,2075000
2073000,2090000,2058000,3100,3.1,2062000
2043000,2084000,2043000,1963,8.1,2078000
2066000,2088000,2066000,1757,13.2,2082000
2081000,2088000,2043000,2914,8.1,2052000
2060000,2144000,2059000,4593,2.7,2095000
2102000,2164000,2080000,4879,0.3,2142000
2142000,2159000,2070000,4792,-1.1,2099000
2106000,2113000,2068000,3550,-0.5,2095000
2102000,2118000,2092000,2373,4.7,2092000
2078000,2108000,2078000,1178,5.2,2103000
2090000,2102000,2037000,5337,7.5,2053000
2054000,2088000,2052000,2434,9.3,2071000
2062000,2065000,2042000,2782,13.4,2046000
2064000,2064000,1992000,4758,9.9,2006000
2011000,2020000,1958000,5312,8,1975000
1964000,1989000,1964000,2702,8.2,1982000
1972000,1982000,1950000,4018,7.2,1954000
1954000,1965000,1943000,3245,7.1,1945000
1936000,1956000,1899000,4036,9.8,1907000
1911000,1924000,1831000,7604,11.3,1851000
1853000,1875000,1811000,6879,11.5,1827000
1815000,1848000,1811000,4586,13.5,1819000
1813000,1826000,1801000,4131,15.3,1814000
1814000,1868000,1802000,5299,12.3,1865000
1864000,1892000,1851000,4524,11.4,1890000
1882000,1914000,1869000,7360,14.4,1914000
1904000,1953000,1897000,6454,14.1,1953000
1953000,1989000,1945000,6326,11.1,1965000
1968000,1971000,1915000,2845,12.5,1917000
1897000,1935000,1890000,2603,14.1,1896000
1881000,1914000,1861000,3562,12.4,1871000
1861000,1880000,1861000,3435,15,1878000
1866000,1914000,1862000,3914,11.2,1911000
1912000,1930000,1901000,2020,12,1930000
1947000,1978000,1941000,6691,14.3,1968000
1976000,2032000,1960000,6380,13.5,2029000
2029000,2085000,2012000,6616,13.5,2070000
2050000,2074000,2018000,3220,17.2,2060000
2051000,2057000,2025000,2971,21.1,2038000
2024000,2037000,2002000,2391,17.2,2020000
2021000,2031000,1977000,3501,17.2,1990000
1984000,1985000,1961000,2308,16.2,1970000
1951000,2003000,1951000,2751,21.1,1984000
1985000,2037000,1985000,3529,12.9,2037000
2020000,2048000,2019000,3059,15.7,2030000
2023000,2058000,1990000,2818,20.2,2020000
2006000,2043000,2000000,1424,14.5,2037000
2037000,2037000,2003000,1752,16.4,2008000
2000000,2019000,2000000,956,17.8,2009000
2009000,2030000,1998000,1478,18.6,2018000
2007000,2026000,1978000,2273,15.9,1992000
1991000,2051000,1981000,6020,19.3,2036000
2032000,2075000,2002000,3819,22.3,2015000
2012000,2012000,1961000,5288,24.3,1971000
1971000,1980000,1954000,3256,24,1980000
1971000,1979000,1946000,2779,23.3,1947000
1951000,1955000,1906000,3649,16.8,1908000
1909000,1938000,1896000,3221,19.7,1921000
1920000,1931000,1906000,1610,19.4,1929000
1941000,1941000,1910000,1400,20.9,1920000
1912000,1945000,1912000,2541,22.1,1937000
1937000,1942000,1912000,3522,21.6,1942000
1925000,1929000,1910000,3630,23.3,1911000
1910000,1910000,1865000,6376,23.2,1870000
1870000,1871000,1840000,3371,22.2,1852000
1853000,1888000,1848000,2185,21.7,1877000
1861000,1896000,1861000,1668,22.1,1896000
1897000,1916000,1882000,3435,24.1,1916000
1899000,1907000,1875000,3161,24.6,1890000
1834000,1867000,1780000,5783,23.5,1856000
1837000,1854000,1769000,7918,23.8,1783000
1773000,1804000,1756000,5555,20.9,1800000
1786000,1799000,1765000,2784,20.9,1786000
1787000,1793000,1769000,2207,23.8,1769000
1789000,1789000,1766000,1179,24.7,1779000
1771000,1799000,1767000,1728,26,1793000
1800000,1842000,1792000,2839,24.3,1828000
1827000,1830000,1805000,1449,24.7,1806000
1820000,1830000,1760000,4874,23.1,1770000
1758000,1794000,1738000,2117,24.4,1767000
1750000,1770000,1749000,2766,24.7,1762000
1763000,1776000,1760000,1736,25.3,1761000
1767000,1793000,1764000,2262,24.6,1786000
1786000,1798000,1771000,1638,24,1784000
1774000,1805000,1774000,1380,21.8,1788000
1780000,1789000,1776000,1285,23.1,1789000
1792000,1795000,1752000,2044,22.9,1758000
1769000,1770000,1743000,1732,24,1756000
1744000,1757000,1719000,2355,27.3,1721000
1736000,1736000,1719000,1280,28.4,1721000
1720000,1723000,1685000,4655,26.3,1689000
1695000,1707000,1681000,2551,26.3,1691000
1692000,1701000,1679000,2646,27.5,1691000
1683000,1698000,1681000,2466,26.2,1686000
1686000,1690000,1661000,3651,24.4,1666000
1664000,1664000,1607000,6535,27.1,1629000
1629000,1653000,1611000,2990,28.6,1649000
1651000,1657000,1614000,3198,28.3,1621000
1611000,1624000,1609000,3538,29.1,1613000
1614000,1623000,1601000,2974,28.4,1605000
1609000,1618000,1603000,2677,28.4,1615000
1614000,1633000,1608000,1950,27.6,1626000
1626000,1670000,1626000,4335,28,1659000
1661000,1664000,1627000,3336,26.3,1650000
1650000,1650000,1612000,4965,28.4,1617000
1611000,1624000,1603000,2788,27.2,1607000
1603000,1608000,1580000,5391,29.1,1586000
1597000,1597000,1560000,5194,30.7,1574000
1570000,1579000,1565000,3398,31.2,1575000
1579000,1609000,1579000,2241,30.5,1601000
1611000,1616000,1602000,2321,29.3,1607000
1601000,1647000,1601000,4112,29.4,1634000
1634000,1666000,1619000,5828,30.5,1643000
1643000,1659000,1636000,2954,30.4,1645000
1659000,1659000,1641000,2216,29.3,1648000
1642000,1649000,1617000,3909,29.9,1631000
1623000,1655000,1622000,2713,29.9,1626000
1622000,1627000,1599000,4613,28.9,1601000
1609000,1609000,1584000,2860,30.7,1588000
1588000,1598000,1584000,2763,28.3,1588000
1588000,1618000,1585000,2266,29.1,1613000
1617000,1618000,1582000,3334,27.1,1583000
1580000,1597000,1576000,3278,23,1586000
1586000,1592000,1552000,3963,22.2,1563000
1563000,1569000,1529000,5492,20.6,1530000
1531000,1534000,1500000,7418,17.7,1501000
1520000,1525000,1489000,3913,23.2,1525000
1530000,1549000,1518000,2374,24.2,1541000
1540000,1596000,1540000,3535,26.4,1591000
1600000,1615000,1576000,3540,24.7,1584000
1574000,1597000,1541000,4100,24.3,1548000
1552000,1580000,1534000,1749,23,1553000
1546000,1560000,1527000,2557,23.9,1537000
1553000,1553000,1526000,1415,23.4,1530000
1531000,1547000,1520000,2902,24.6,1521000
1511000,1527000,1510000,1886,21.9,1520000
1511000,1543000,1501000,2770,20.6,1543000
1549000,1560000,1537000,3536,20.2,1551000
1552000,1606000,1551000,4843,21.9,1583000
1603000,1611000,1587000,2794,21.4,1598000
1605000,1612000,1555000,2548,23.6,1574000
1579000,1596000,1557000,1566,21,1593000
1588000,1605000,1581000,1774,19.9,1583000
1643000,1643000,1605000,2592,20.4,1609000
1611000,1611000,1584000,2213,22,1600000
1606000,1615000,1591000,1571,21.1,1595000
1591000,1600000,1578000,2023,18,1594000
1583000,1595000,1576000,2660,19.7,1578000
1578000,1587000,1576000,1582,14,1582000
1595000,1619000,1594000,2764,15.4,1613000
1630000,1635000,1600000,2788,15.5,1612000
1625000,1664000,1609000,4575,15.2,1663000
1668000,1668000,1632000,2897,16.7,1635000
1648000,1648000,1619000,1665,19.1,1634000
1609000,1630000,1601000,2811,17.5,1602000
1599000,1611000,1590000,1653,17,1609000
1605000,1606000,1565000,3946,18,1570000
1571000,1584000,1570000,1416,18.6,1578000
1578000,1589000,1553000,2728,17.9,1554000
1563000,1563000,1544000,1966,15.1,1555000
1562000,1613000,1562000,4928,14.1,1608000
1613000,1613000,1562000,3099,13.3,1568000
1577000,1579000,1555000,2173,14.6,1579000
1565000,1580000,1561000,1690,14.6,1564000
1546000,1557000,1530000,2724,5.7,1540000
1547000,1556000,1530000,1775,1.5,1547000
1547000,1547000,1521000,2131,4.1,1537000
1537000,1579000,1529000,2559,9.1,1579000
1579000,1591000,1550000,2825,12.3,1591000
1590000,1614000,1590000,2412,12.8,1610000
1598000,1617000,1598000,1693,4.1,1612000
1616000,1618000,1540000,3461,2.1,1598000
1597000,1605000,1581000,2351,6,1589000
1579000,1589000,1556000,3648,9.1,1560000
1557000,1592000,1557000,1450,13.2,1570000
1587000,1610000,1576000,4082,5.2,1608000
1611000,1618000,1589000,2514,5.2,1616000
1614000,1618000,1593000,1698,9.1,1596000
1596000,1605000,1572000,1925,10.3,1581000
1580000,1580000,1551000,2159,9.5,1551000
1551000,1553000,1545000,2423,2,1549000
1549000,1549000,1522000,3725,-1.8,1523000
1522000,1538000,1495000,4317,-2.5,1510000
1500000,1510000,1500000,1623,1,1506000
1501000,1540000,1495000,2299,1.4,1530000
1522000,1567000,1503000,2521,1.7,1566000
1570000,1570000,1538000,2845,6,1567000
1541000,1565000,1525000,2495,4.1,1554000
1535000,1544000,1515000,3686,1.6,1520000
1506000,1519000,1497000,2810,5.9,1500000
1517000,1517000,1492000,3624,-1.1,1501000
1501000,1501000,1486000,2381,1.7,1497000
1507000,1520000,1496000,2438,2.1,1520000
1505000,1516000,1502000,1406,1.4,1507000
1507000,1517000,1503000,1872,2.3,1511000
1511000,1518000,1504000,2207,3.4,1510000
1507000,1508000,1497000,2777,-1.4,1498000
1498000,1505000,1493000,1649,-5,1503000
1499000,1507000,1493000,3166,-4.7,1507000
1507000,1508000,1496000,1788,7.2,1498000
1498000,1499000,1491000,2086,7.6,1498000
1498000,1498000,1484000,3796,7.9,1484000
1484000,1491000,1475000,2588,5.5,1475000
1476000,1476000,1465000,1855,-2.5,1470000
1469000,1474000,1439000,4089,2.5,1440000
1443000,1443000,1426000,3595,-2.3,1432000
1431000,1445000,1427000,3385,-3.7,1437000
1445000,1460000,1434000,2407,-4.2,1460000
1465000,1465000,1434000,1965,5,1445000
1435000,1437000,1429000,3139,2,1434000
1430000,1436000,1420000,3972,3.9,1421000
1415000,1439000,1415000,3246,3.8,1434000
1433000,1434000,1419000,1844,5.4,1429000
1429000,1429000,1408000,3004,1.5,1409000
1405000,1410000,1389000,3152,-3.7,1396000
1400000,1400000,1379000,4499,-3.8,1385000
1388000,1405000,1382000,2775,-2.2,1389000
1389000,1406000,1386000,2462,-6,1404000
1412000,1423000,1390000,2677,-3.8,1422000
1422000,1422000,1403000,2018,-2,1413000
1412000,1421000,1405000,2121,-0.5,1410000
1399000,1414000,1388000,3705,-1.2,1411000
1431000,1489000,1431000,6914,-4.4,1464000
1472000,1492000,1455000,3034,-8.9,1464000
1464000,1464000,1423000,2024,-7,1426000
1432000,1432000,1399000,3488,-5.2,1421000
1417000,1427000,1404000,2794,-1.3,1415000
1415000,1456000,1415000,3362,-5.4,1449000
1452000,1475000,1427000,2920,-4,1455000
1443000,1458000,1439000,2545,-2.7,1450000
1451000,1458000,1435000,3107,1.5,1453000
1458000,1506000,1453000,6953,-1.7,1503000
1501000,1508000,1485000,2949,-2,1501000
1495000,1500000,1473000,2316,-2.2,1499000
1487000,1509000,1486000,1904,-5.3,1494000
1506000,1506000,1494000,1927,-6.6,1505000
1505000,1527000,1505000,3727,0.1,1521000
1521000,1532000,1492000,3084,0.3,1530000
1515000,1538000,1513000,2489,1.8,1530000
1540000,1540000,1520000,2200,5.5,1521000
1522000,1526000,1502000,2114,0.8,1508000
1523000,1523000,1493000,2332,-1.5,1496000
1495000,1521000,1495000,1923,-0.6,1515000
1501000,1513000,1497000,2105,1.7,1498000
1496000,1513000,1495000,1847,-1.5,1506000
1499000,1528000,1499000,2222,-0.8,1512000
1510000,1518000,1499000,1196,3.7,1510000
1492000,1508000,1462000,4833,5.6,1508000
1505000,1505000,1446000,6343,1.8,1448000
1440000,1465000,1408000,5055,3.3,1446000
1444000,1446000,1413000,2585,0.1,1425000
1425000,1448000,1417000,2009,-1.3,1436000
1420000,1435000,1412000,2300,-0.1,1415000
1419000,1437000,1415000,2087,3.2,1422000
1424000,1447000,1415000,2017,4.8,1435000
1427000,1456000,1427000,1340,6.9,1440000
1441000,1446000,1420000,2063,5.8,1428000
1433000,1433000,1411000,2620,6.3,1421000
1430000,1442000,1422000,1461,6.2,1425000
1431000,1436000,1420000,2053,7.7,1432000
1431000,1431000,1418000,1422,10.2,1427000
1434000,1434000,1415000,2316,7.4,1415000
1419000,1420000,1410000,1514,7.6,1416000
1429000,1429000,1407000,2031,9.1,1411000
1417000,1440000,1411000,2188,8.7,1437000
1437000,1437000,1412000,1616,6.1,1425000
1432000,1433000,1422000,2326,7.1,1430000
1431000,1435000,1412000,3907,8.8,1419000
1424000,1424000,1412000,1930,10.6,1416000
1412000,1424000,1411000,2539,8.6,1415000
1416000,1426000,1415000,1566,11.4,1423000
1420000,1434000,1413000,1902,14.1,1430000
1434000,1438000,1425000,3017,12,1432000
1426000,1433000,1420000,1373,10.4,1421000
1421000,1428000,1419000,1641,14.5,1422000
1420000,1424000,1413000,988,16.5,1414000
1413000,1417000,1408000,2262,15.3,1413000
1411000,1415000,1399000,3109,11.5,1406000
1415000,1425000,1401000,2063,12.7,1425000
1422000,1423000,1402000,1614,13,1404000
1401000,1428000,1401000,1665,14.7,1421000
1424000,1431000,1411000,1994,11.7,1421000
1414000,1431000,1412000,1816,12.6,1430000
1423000,1524000,1420000,9079,12.9,1516000
1532000,1625000,1532000,10788,13.1,1582000
1595000,1605000,1589000,8375,15.1,1600000
1600000,1620000,1600000,6541,16,1611000
1611000,1640000,1609000,6683,15.1,1637000
1650000,1817000,1585000,22185,13.6,1815000
1790000,1800000,1663000,11831,14.4,1677000
1685000,1729000,1621000,6051,20.7,1683000
1709000,1709000,1668000,3305,21,1690000
1690000,1696000,1666000,4172,17.9,1695000
1709000,1758000,1705000,5255,16.4,1724000
1760000,1760000,1730000,3609,19.3,1754000
1753000,1775000,1728000,3330,19.1,1767000
1768000,1799000,1760000,2413,16,1785000
1785000,1796000,1756000,2055,17.1,1783000
1783000,1792000,1762000,2601,18.6,1790000
1758000,1788000,1756000,2306,20.4,1764000
1760000,1778000,1744000,2642,21.1,1754000
1767000,1773000,1741000,2858,21.8,1766000
1752000,1764000,1741000,2204,20,1749000
1743000,1761000,1737000,2953,21.8,1743000
1751000,1776000,1740000,2649,19.2,1766000
1764000,1765000,1750000,1931,17.7,1760000
1766000,1775000,1751000,1915,22.9,1753000
1759000,1798000,1755000,3919,23.6,1792000
1790000,1816000,1775000,4114,23.3,1806000
1825000,1915000,1825000,10795,23.3,1862000
1895000,1910000,1862000,5316,20.5,1907000
1921000,1923000,1890000,2624,24.2,1899000
1877000,1900000,1865000,2542,17.6,1884000
1888000,1897000,1879000,2585,20.1,1895000
1895000,1903000,1888000,2744,21.2,1898000
